Workbook

Sheet Run costs and fixed overhead
A1: Run costs and fixed overhead
A2: Susanoo — Unit Economics · Main Scenario
A4: Variable / dimension | B4: Value
A5: Model cost per run | B5: =1.5 -> 1.5
A6: Sandbox cost per run | B6: =0.05 -> 0.05
A7: Total cost per run | B7: ='Run costs and fixed overhead'!B5+'Run costs and fixed overhead'!B6 -> 1.55
A8: EC2 monthly cost | B8: =68 -> 68
A9: Supabase monthly cost | B9: =20 -> 20
A10: Vercel monthly cost | B10: =0 -> 0
A11: Domain and Cloudflare monthly cost | B11: =1 -> 1
A12: neatlogs and Entire monthly cost | B12: =0 -> 0
A13: Fixed monthly overhead | B13: ='Run costs and fixed overhead'!B8+'Run costs and fixed overhead'!B9+'Run costs and fixed overhead'!B10+'Run costs and fixed overhead'!B11+'Run costs and fixed overhead'!B12 -> 89

Sheet Subscription assumptions
A1: Subscription assumptions
A2: Susanoo — Unit Economics · Main Scenario
A4: Variable / dimension | B4: Monthly subscription price | C4: Expected monthly runs | D4: Extra run price
A5: Free | B5: =0 -> 0 | C5: =2 -> 2 | D5: =""
A6: Team | B6: =79 -> 79 | C6: =12 -> 12 | D6: =4 -> 4
A7: Enterprise | B7: =1500 -> 1500 | C7: =100 -> 100 | D7: =""

Sheet Subscription economics
A1: Subscription economics
A2: Susanoo — Unit Economics · Main Scenario
A4: Variable / dimension | B4: Monthly subscription price | C4: Expected monthly runs | D4: Monthly customer run cost | E4: Monthly customer contribution | F4: Run-cost gross margin | G4: Customers to cover fixed overhead | H4: Free users funded per paid customer
A5: Enterprise | B5: ='Subscription assumptions'!B7 -> 1500 | C5: ='Subscription assumptions'!C7 -> 100 | D5: ='Subscription economics'!C5*'Run costs and fixed overhead'!B7 -> 155 | E5: ='Subscription economics'!B5-'Subscription economics'!D5 -> 1345 | F5: =IF(IF(IF(ISERROR('Subscription economics'!B5>0),'Subscription economics'!B5>0,IF('Subscription economics'!B5="","",'Subscription economics'!B5>0))="",FALSE,IF(ISERROR('Subscription economics'!B5>0),'Subscription economics'!B5>0,IF('Subscription economics'!B5="","",'Subscription economics'!B5>0))),'Subscription economics'!E5/'Subscription economics'!B5,"") -> 0.89666667 | G5: =IF(IF(IF(ISERROR('Subscription economics'!E5>0),'Subscription economics'!E5>0,IF('Subscription economics'!E5="","",'Subscription economics'!E5>0))="",FALSE,IF(ISERROR('Subscription economics'!E5>0),'Subscription economics'!E5>0,IF('Subscription economics'!E5="","",'Subscription economics'!E5>0))),CEILING('Run costs and fixed overhead'!B13/'Subscription economics'!E5,1),"") -> 1 | H5: =IF(IF(IF(ISERROR('Subscription economics'!E5>0),'Subscription economics'!E5>0,IF('Subscription economics'!E5="","",'Subscription economics'!E5>0))="",FALSE,IF(ISERROR('Subscription economics'!E5>0),'Subscription economics'!E5>0,IF('Subscription economics'!E5="","",'Subscription economics'!E5>0))),'Subscription economics'!E5/'Subscription economics'!D6,"") -> 433.87097
A6: Free | B6: ='Subscription assumptions'!B5 -> 0 | C6: ='Subscription assumptions'!C5 -> 2 | D6: ='Subscription economics'!C6*'Run costs and fixed overhead'!B7 -> 3.1 | E6: ='Subscription economics'!B6-'Subscription economics'!D6 -> -3.1 | F6: =IF(IF(IF(ISERROR('Subscription economics'!B6>0),'Subscription economics'!B6>0,IF('Subscription economics'!B6="","",'Subscription economics'!B6>0))="",FALSE,IF(ISERROR('Subscription economics'!B6>0),'Subscription economics'!B6>0,IF('Subscription economics'!B6="","",'Subscription economics'!B6>0))),'Subscription economics'!E6/'Subscription economics'!B6,"") | G6: =IF(IF(IF(ISERROR('Subscription economics'!E6>0),'Subscription economics'!E6>0,IF('Subscription economics'!E6="","",'Subscription economics'!E6>0))="",FALSE,IF(ISERROR('Subscription economics'!E6>0),'Subscription economics'!E6>0,IF('Subscription economics'!E6="","",'Subscription economics'!E6>0))),CEILING('Run costs and fixed overhead'!B13/'Subscription economics'!E6,1),"") | H6: =IF(IF(IF(ISERROR('Subscription economics'!E6>0),'Subscription economics'!E6>0,IF('Subscription economics'!E6="","",'Subscription economics'!E6>0))="",FALSE,IF(ISERROR('Subscription economics'!E6>0),'Subscription economics'!E6>0,IF('Subscription economics'!E6="","",'Subscription economics'!E6>0))),'Subscription economics'!E6/'Subscription economics'!D6,"")
A7: Team | B7: ='Subscription assumptions'!B6 -> 79 | C7: ='Subscription assumptions'!C6 -> 12 | D7: ='Subscription economics'!C7*'Run costs and fixed overhead'!B7 -> 18.6 | E7: ='Subscription economics'!B7-'Subscription economics'!D7 -> 60.4 | F7: =IF(IF(IF(ISERROR('Subscription economics'!B7>0),'Subscription economics'!B7>0,IF('Subscription economics'!B7="","",'Subscription economics'!B7>0))="",FALSE,IF(ISERROR('Subscription economics'!B7>0),'Subscription economics'!B7>0,IF('Subscription economics'!B7="","",'Subscription economics'!B7>0))),'Subscription economics'!E7/'Subscription economics'!B7,"") -> 0.76455696 | G7: =IF(IF(IF(ISERROR('Subscription economics'!E7>0),'Subscription economics'!E7>0,IF('Subscription economics'!E7="","",'Subscription economics'!E7>0))="",FALSE,IF(ISERROR('Subscription economics'!E7>0),'Subscription economics'!E7>0,IF('Subscription economics'!E7="","",'Subscription economics'!E7>0))),CEILING('Run costs and fixed overhead'!B13/'Subscription economics'!E7,1),"") -> 2 | H7: =IF(IF(IF(ISERROR('Subscription economics'!E7>0),'Subscription economics'!E7>0,IF('Subscription economics'!E7="","",'Subscription economics'!E7>0))="",FALSE,IF(ISERROR('Subscription economics'!E7>0),'Subscription economics'!E7>0,IF('Subscription economics'!E7="","",'Subscription economics'!E7>0))),'Subscription economics'!E7/'Subscription economics'!D6,"") -> 19.483871
